<?xml version="1.0"?>
<!DOCTYPE hibernate-mapping PUBLIC 
"-//Hibernate/Hibernate Mapping DTD 3.0//EN"
"http://hibernate.sourceforge.net/hibernate-mapping-3.0.dtd">

<hibernate-mapping>
  <class name="Animal" table="ANIMAL">

  <id name="NomA" column="NOMA">
  </id>

  <property name="Sexe" column="Sexe">
  </property>

  <property name="Type" column="Type">
  </property>

  <property name="Pays" column="Country">
  </property>

  <property name="AnNais" column="year">
  </property>

  <many-to-one 
           name="LaCage"  
           class="Cage"
           column="NoCage"
  />
  
    <set name="Maladies">
		<key column="maladies"/>
		<element type="text"/>
	</set>
   
 </class>
</hibernate-mapping>
