<?xml version="1.0"?>
<!DOCTYPE hibernate-mapping PUBLIC 
"-//Hibernate/Hibernate Mapping DTD 3.0//EN"
"http://hibernate.sourceforge.net/hibernate-mapping-3.0.dtd">

<hibernate-mapping>
  <class name="Cage" table="CAGE">

   <id name="NoCage" column="CG_ID" >
  </id>

  <property name="Fonction" column="Function">
  </property>

  <property name="NoAlle" column="PathNum">
  </property>

  <set  name="Animals" 
	inverse="true" 
	cascade="all">
               <key  column="AN_ID"/>
               <one-to-many class="Animal"/>
    </set>


 </class>
</hibernate-mapping>
